Телефон;Смещение почты;email;Смещение адреса;Адрес
89019579899;-8;keebler.ralph@gmail.com;18;Школьная ул.д.78 кв.64
89667906699;4;torp.adelbert@hotmail.com;4;Липовая аллея.56 кв.182
89019580000;-4;grant.mafalda@hotmail.com;22;пл. Земляной Вал.77 кв.149
89778526999;-4;arden16@hotmail.com;22;3-й Новоподмосковный пер.д.54 кв.480
89997264569;-11;jared97@gmail.com;15;Комсомольская ул.д.98 кв.27
89998311000;-22;jean78@denesik.biz;4;пл. Академика Басовад.28 кв.193
89699989999;2;irwin47@crist.com;2;Шоссейная ул.д.90 кв.365
89697463456;-12;qschroeder@yahoo.com;14;5-я Парковая ул.д.41 кв.154
89257006699;13;burnice37@quitzon.com;13;М. Гавриков пер.д.79 кв.169
89367913234;3;dibbert.carley@hotmail.com;3;2-й Колобовский пер.д.44 кв.50
89157106999;-2;baumbach.sedrick@hotmail.com;24;Кооперативная ул.д.81 кв.432
89858063456;4;ohammes@jenkins.com;4;1-й Красногвардейский пр.д.10 кв.148
89298337899;8;sydney77@casper.com;8;ул. М. Молчановкад.41 кв.29
89998428899;-2;fae.hirthe@hansen.net;24;ул. Николая Сироткинад.88 кв.275
89998503234;-6;emmerich.dee@prosacco.com;20;1-я Северная ул.д.6 кв.136
89997563234;-8;ebartell@hotmail.com;18;Набережная ул.д.31 кв.268
89017452000;8;eleanora.heidenreich@sipes.org;8;2-я Самаринская ул.д.53 кв.377
89019474345;8;gleichner.robyn@hotmail.com;8;Скатертный пер.д.74 кв.120
89777085569;3;dohara@gmail.com;3;4-й км МКАДд.36 кв.85
89666072000;-4;audrey59@gmail.com;22;Добровольческий пер.д.68 кв.467
89109768899;8;strosin.ellsworth@yahoo.com;8;Звёздный бульв.д.90 кв.436
89997635569;4;kamron28@barton.com;4;Солнечная ул.д.14 кв.56
89256602123;-11;will.dino@casper.com;15;Взлётная ул.д.97 кв.293
89197254345;-9;bartoletti.blanche@schmitt.com;17;М. Андроньевская ул.д.45 кв.315
89809527778;12;trisha.schamberger@watsica.com;12;ул. Академика Семенихинад.17 кв.130
89679638899;4;douglas.margie@crist.com;4;Солнечная аллеяд.43 кв.382
89868953234;10;kris.marquise@gmail.com;10;Соловьиный пр.д.99 кв.139
89858026000;-6;piper36@schulist.com;20;Тайнинская ул.д.67 кв.54
89266110778;2;fbradtke@gmail.com;2;Авиационная ул.д.19 кв.19
89266189000;-11;murphy83@ward.com;15;ул. Водниковд.87 кв.435
89647549899;9;qbeier@smith.com;9;Лосевская ул.д.67 кв.196
89168792000;11;vivianne98@gmail.com;11;Новорублёвский мостд.29 кв.437
89997091999;-6;krajcik.mia@yahoo.com;20;ул. Черёмушкид.8 кв.93
89836587123;7;kacey.jacobs@carter.com;7;Староватутинский пр.д.69 кв.410
89647074345;10;lon.weissnat@gusikowski.com;10;Костянский пер.д.65 кв.136
89109082234;-5;zula.frami@yahoo.com;21;Цветочная ул.д.19 кв.386
89016494234;-2;brock19@connelly.com;24;12-я Парковая ул.д.98 кв.265
89668856345;8;norwood.gottlieb@gmail.com;8;Муромская ул.д.94 кв.152
89066797123;-9;judah40@gmail.com;17;ул. Свободыд.31 кв.479
89038401999;6;khermiston@jacobi.com;6;Волков пер.д.50 кв.95
89856082234;3;christa.osinski@rolfson.com;3;Глубокий пер.д.73 кв.418
89257576123;-12;lloyd.cassin@flatley.com;14;ул. Маршала Сергеевад.24 кв.490
89868762234;-7;hmurphy@gerlach.com;19;Попутная ул.д.76 кв.24
89869409123;-11;hudson76@gmail.com;15;Волоколамское ш.д.42 кв.5
89298531999;-23;pernser@hegmann.biz;3;Раменский бульв.д.24 кв.451
89589664234;9;treva.turcotte@jones.org;9;ул. Малевичад.82 кв.165
89996141345;-13;althea.kshlerin@roob.biz;13;Берёзовая аллеяд.62 кв.258
89997968123;10;dashawn.bailey@gmail.com;10;Волочаевская ул.д.57 кв.382
89017907234;-9;dbayer@borer.net;17;Новосущёвский пер.д.39 кв.195
89059151345;7;bryce21@wolf.info;7;ул. Цюрупыд.60 кв.12
89197431345;8;yvonne44@larkin.com;8;Инженерная ул.д.18 кв.221
89198147999;-9;donavon.nienow@emard.net;17;Ленинградский мостд.34 кв.119
89107114456;6;leola.spencer@yahoo.com;6;2-й Дорогобужский пер.д.32 кв.215
89107315456;-5;beahan.juliana@yahoo.com;21;Тарный пр.д.6 кв.61
89067883345;4;lueilwitz.zackary@zemlak.org;4;Бачуринская ул.д.29 кв.200
89068308699;-4;wmorissette@yahoo.com;22;ул. Пресненский Валд.45 кв.408
89368838123;-10;fhuel@sanford.com;16;Михневский пр.д.53 кв.227
89038733569;-11;rosalinda.harris@emmerich.net;15;Калмыков пер.д.70 кв.467
89099126345;5;tlynch@spencer.com;5;пер. Маяковскогод.65 кв.496
89658868699;-16;henry.schmidt@langworth.biz;10;пр. Донелайтисад.36 кв.464
89679447234;-10;dupton@terry.com;16;Ручейная ул.д.10 кв.204
89156934456;-9;pagac.furman@moore.com;17;Садовый пер.д.22 кв.398
89158766234;-8;alanna.schneider@gmail.com;18;Песочная аллеяд.32 кв.62
89269511456;11;yabernathy@hotmail.com;11;Московская ул.д.55 кв.90
89158941456;-11;darron.bosco@yahoo.com;15;М. Грузинская ул.д.87 кв.136
89669291569;10;larkin.omer@hotmail.com;10;ул. Николая Рерихад.74 кв.367
89297799778;-10;thiel.shaniya@schneider.info;16;Воронцовский пер.д.39 кв.409
89197366569;-12;ike70@ferry.com;14;Запрудная ул.д.93 кв.157
89998502899;-7;pziemann@gibson.com;19;Майская ул.д.70 кв.156
89996546569;-6;concepcion.wisozk@hotmail.com;20;Тарусская ул.д.64 кв.258
89058465345;7;lboehm@hotmail.com;7;ул. Василия Бутурлинад.51 кв.187
89678159778;-8;zwolf@gmail.com;18;Тимирязевская ул.д.58 кв.148
89168500234;3;dwight68@jerde.com;3;3-й Дунайский пер.д.35 кв.288
89069849699;-6;ystokes@hotmail.com;20;Нарвская ул.д.90 кв.418
89807463699;11;keeling.veda@yahoo.com;11;2-й Магистральный туп.д.11 кв.284
89656851569;9;noemy.franecki@ankunding.com;9;Севастопольская пл.д.19 кв.4
89999693999;13;herman.reichel@gmail.com;13;1-й пр. Мирад.9 кв.218
89058254699;-4;kreiger.myrl@johnson.com;22;4-й Очаковский пер.д.66 кв.230
89298929699;-10;roberts.kayli@yahoo.com;16;ул. Саломеи Нерисд.98 кв.240
89257919569;8;rboyle@kerluke.com;8;ул. Лермонтовад.31 кв.401
89256505899;-2;madalyn93@gmail.com;24;Глазовский пер.д.15 кв.305
89998317699;-6;hadley.cormier@fisher.net;20;4-й Добрынинский пер.д.99 кв.54
89679360999;-9;egreenfelder@hotmail.com;17;ул. Захарьинские Дворикид.39 кв.290
89856884699;-7;abner.kuhic@kertzmann.com;19;ул. Стольника Потёмкинад.17 кв.190
89199254899;-3;aida18@bednar.biz;23;Михайловский пр.д.28 кв.436
89097882699;7;zokeefe@yahoo.com;7;Республиканский пер.д.16 кв.280
89869704699;-7;schiller.osvaldo@hayes.com;19;ул. Льва Яшинад.3 кв.422
89167285899;2;ischimmel@hotmail.com;2;Нежинская ул.д.13 кв.110
89587230999;-2;beier.israel@williamson.org;24;ул. Радостид.52 кв.444
89589308569;5;leone81@yost.com;5;Ружейный пер.д.6 кв.341
89299146778;-12;terrell.lind@hotmail.com;14;Пожарский пер.д.8 кв.251
89296304699;10;lhand@rodriguez.info;10;Новоясеневский просп.д.52 кв.56
89857708456;9;ohara.cleo@hotmail.com;9;пл. Композитора Балакиревад.34 кв.357
89677744899;-3;katelyn.nikolaus@hane.com;23;Садовая ул.д.93 кв.276
89018296899;-7;streich.zoie@maggio.com;19;Весенняя ул.д.16 кв.244
89168631699;-11;brady12@lindgren.com;15;ул. Строителейд.53 кв.421
89107550456;-13;bonnie.effertz@yundt.biz;13;ул. Куинджид.99 кв.84
89587132778;-12;satterfield.kennedy@johnston.com;14;Прудная ул.д.51 кв.128
89016570456;7;furman61@yahoo.com;7;Летовская ул.д.80 кв.417
89777409456;17;amya.nikolaus@hickle.org;17;1-я Прядильная ул.д.35 кв.62
89666727345;-10;queenie44@gmail.com;16;Хотьковская ул.д.90 кв.486
89996980456;10;abner.kuhic@kertzmann.com;10;Тверская ул.д.15 кв.162
89107970456;-16;lola.torphy@schulist.biz;10;ул. Блохинад.77 кв.486
89156390456;-4;oreilly.avis@lakin.biz;22;Дачная ул.д.37 кв.168
89167812999;-6;letha.moen@hotmail.com;20;Южная ул.д.4 кв.471
89067076456;9;bturner@abbott.com;9;Хвойная ул.д.48 кв.269
89639788345;-9;rodrick.rau@yahoo.com;17;Чистопрудный бульв.д.99 кв.320
89256684999;-10;kessler.elizabeth@prosacco.biz;16;2-й Красносельский пер.д.66 кв.140
89586956456;-8;reynolds.mona@hotmail.com;18;Гореловская ул.д.46 кв.49
89298194899;6;yabernathy@yahoo.com;6;2-я Карачаровская ул.д.48 кв.365
89838516899;-2;atorp@schmitt.org;24;Сивашская ул.д.99 кв.6
89296869456;6;rodrigo24@hotmail.com;6;Светлая ул.д.46 кв.161
89869104999;-9;mariano63@bartell.info;17;6-я Железногорская ул.д.25 кв.43
89018707889;-7;eliezer.roob@yahoo.com;19;Кудринская пл.д.90 кв.315
89777863434;-5;alivia57@braun.org;21;Медвежий пер.д.73 кв.74
89997595669;-7;wilbert.pagac@hotmail.com;19;5-я ул. Новые Садыд.2 кв.177
89998552100;-6;dsimonis@roberts.com;20;Плотинная ул.д.23 кв.220
89169506900;10;jfritsch@schamberger.info;10;ул. Гоголяд.1 кв.11
89167341200;7;vaughn69@gmail.com;7;Хорошёвское ш.д.8 кв.334
89587626900;10;bgutmann@wiza.com;10;Скарятинский пер.д.32 кв.235
89589968900;-6;gulgowski.ashlee@will.net;20;Волоцкой пер.д.24 кв.361
89656145012;5;mark.kuphal@yahoo.com;5;Староникольская ул.д.45 кв.105
89858427889;-3;sister.ernser@hodkiewicz.com;23;Котляковская ул.д.51 кв.115
89998285012;-9;lreynolds@quitzon.net;17;3-й Донской пр.д.5 кв.262
89996059889;-25;althea.kshlerin@roob.biz;1;ул. Аносовад.29 кв.185
89169623200;-5;cordelia82@hotmail.com;21;Староникольская ул.д.52 кв.157
89167420100;-6;luettgen.adam@runolfsdottir.com;20;Лесная ул.д.78 кв.475
89109702100;-3;kihn.abbie@gmail.com;23;Родниковая ул.д.52 кв.402
89106465012;8;umitchell@gmail.com;8;ул. Алабянад.73 кв.123
89778715556;9;santiago36@yahoo.com;9;Беговая ул.д.66 кв.31
89626237789;4;cruickshank.anya@miller.com;4;ул. Долговад.84 кв.280
89998165556;13;gleannon@hotmail.com;13;Б. Могильцевский пер.д.10 кв.94
89039062100;15;ayden75@gaylord.org;15;Химкинский бульв.д.60 кв.366
89038185012;2;quigley.brad@conn.com;2;41-й км МКАДд.84 кв.229
89366037789;3;katrine.lang@yahoo.com;3;9-я Северная линияд.28 кв.372
89109858789;1;clementina46@reynolds.com;1;Сходненский пр.д.1 кв.74
89157928889;-2;harris.elliot@gmail.com;24;2-я Филёвская ул.д.89 кв.433
89266675012;9;kheller@hotmail.com;9;Солнечный бульв.д.33 кв.232
89256874300;4;bennett.rohan@mills.com;4;Анненский пр.д.44 кв.253
89036502012;-11;dohara@gmail.com;15;Терминальный пр.д.55 кв.322
89178107100;6;isabella46@hotmail.com;6;ул. Бахрушинад.67 кв.54
89588653012;-7;kasandra49@hotmail.com;19;ул. Екатерининский Привалд.71 кв.103
89688545200;8;connelly.kavon@huel.org;8;2-я Рыбацкая ул.д.27 кв.482
89809293100;6;ijaskolski@gmail.com;6;Октябрьский пер.д.19 кв.114
89856261900;-2;leif29@yahoo.com;24;ул. Болдов Ручейд.75 кв.445
89199029100;-2;little.alessia@gmail.com;24;ул. Золоторожский Валд.31 кв.57
89096125200;9;lempi.kovacek@hintz.com;9;ул. Константина Царёвад.79 кв.125
89869054200;-10;isenger@yost.net;16;Заповедная ул.д.61 кв.140
89068547012;-2;june.schroeder@hotmail.com;24;Токмаков пер.д.17 кв.31
89258726100;-12;connelly.ryder@hodkiewicz.com;14;Калибровская ул.д.49 кв.180
89629773100;11;krajcik.mia@yahoo.com;11;2-й Силикатный пр.д.71 кв.270
89367632556;-8;dbayer@borer.net;18;Гольяновский пр.д.52 кв.132
89777636300;9;dwisozk@veum.com;9;Северянинский пр.д.69 кв.311
89016316300;-17;hadley.cormier@fisher.net;9;Иваньковский мостд.47 кв.388
89779018100;16;balistreri.kaleb@rodriguez.org;16;1-я Институтская ул.д.67 кв.341
89268045100;-12;piper36@schulist.com;14;2-й Тверской-Ямской пер.д.18 кв.69
89997093300;7;breitenberg.augustus@gmail.com;7;Рабочая ул.д.79 кв.5
89637427012;-11;labadie.beryl@anderson.net;15;Фестивальная ул.д.81 кв.447
89639810889;11;khermiston@jacobi.com;11;Ленская ул.д.32 кв.282
89199903300;-19;kpadberg@walsh.biz;7;ул. Академика Янгеляд.34 кв.14
89699859200;-10;craig.farrell@gmail.com;16;Бусиновский пр.д.50 кв.118
89646691300;-7;christa83@hotmail.com;19;Измайловский пр.д.74 кв.367
89669892434;-6;gorczany.shane@gmail.com;20;ул. Киплингад.30 кв.101
89777054434;-4;lueilwitz.zackary@zemlak.org;22;ул. Коноваловад.52 кв.244
89369894012;8;kelly72@boehm.info;8;ул. Щорсад.56 кв.107
89857705100;10;jaskolski.mozelle@gmail.com;10;Московская ул.д.99 кв.26
89197843556;6;llangworth@senger.com;6;4-й Вешняковский пр.д.47 кв.188
89686628669;-13;chyna25@eichmann.net;13;ул. Водопьяновад.92 кв.84
89296875100;-5;hbeer@rempel.com;21;1-я ул. Лазенкид.80 кв.235
89657967200;5;malachi73@yahoo.com;5;Пуговишников пер.д.10 кв.424
89016838669;-4;ysporer@yahoo.com;22;35-й км МКАДд.20 кв.70
89016169669;12;juvenal43@hotmail.com;12;69-й км МКАДд.98 кв.309
89678665434;-9;hilton.kshlerin@hotmail.com;17;Михневская ул.д.89 кв.132
89999355300;-7;icrist@yahoo.com;19;Ручейная ул.д.18 кв.329
89268190556;9;ubednar@abbott.com;9;51-й км МКАДд.11 кв.453
89266892434;-8;ipouros@gmail.com;18;ул. Бестужевыхд.8 кв.223
89666214789;-15;carey33@miller.net;11;ул. Вешних Водд.91 кв.195
89859527200;1;trisha.schamberger@watsica.com;1;Локомотивный пр.д.39 кв.339
89999017556;-6;king77@lubowitz.info;20;Филатовский б-рд.6 кв.402
89268952889;-6;bharvey@senger.com;20;Озёрная ул.д.72 кв.440
89109534669;-9;ankunding.agustin@ernser.net;17;Нововаганьковский пер.д.55 кв.461
89176257200;11;satterfield.kennedy@johnston.com;11;ул. Сомовад.21 кв.229
89588206556;6;julien.howe@lueilwitz.com;6;ул. Гризодубовойд.45 кв.27
89038340200;3;joana51@yahoo.com;3;Красковская ул.д.30 кв.169
89019087669;-8;patrick.streich@yahoo.com;18;Домниковский пер.д.32 кв.74
89369102889;-11;stoltenberg.wilburn@beatty.com;15;Северный туп.д.55 кв.83
89999733900;11;reinger.rosalinda@effertz.com;11;ул. Павленкод.6 кв.63
89869203669;9;fbashirian@schamberger.com;9;Песчаная пл.д.57 кв.74
89059791889;-10;xhessel@keeling.biz;16;Кастанаевская ул.д.76 кв.495
89168909669;11;darrin26@sauer.com;11;2-я Бородинская ул.д.20 кв.427
89167623900;7;oterry@sauer.com;7;Панкратьевский пер.д.43 кв.20
89696505889;-11;genoveva97@altenwerth.biz;15;ул. Бурденкод.2 кв.173
89636897556;-11;alexzander60@gmail.com;15;ул. Довженкод.32 кв.210
89638055889;13;chase96@gmail.com;13;Носовихинское ш.д.47 кв.459
89647388556;5;mabel35@gmail.com;5;ул. Медиковд.8 кв.38
89039638556;-8;marie28@connelly.com;18;Школьная ул.д.62 кв.395
89369025889;-8;wilbert.pagac@hotmail.com;18;ул. Диккенсад.36 кв.227
89699722789;3;onikolaus@jast.com;3;ул. Декабристовд.25 кв.355
89637313900;-12;shania45@howell.com;14;Н. Сыромятническая ул.д.68 кв.446
89638565889;5;ylind@jaskolski.com;5;ул. Станиславскогод.74 кв.113
89588667669;6;swift.carlee@gmail.com;6;М. Ивановский пер.д.2 кв.212
89298016789;6;xbatz@stehr.info;6;ул. Земляной Валд.67 кв.451
89998797434;-10;hiram62@yahoo.com;16;ул. Константина Симоновад.27 кв.215
89159766889;-14;ehoppe@goldner.biz;12;Кузнечная ул.д.6 кв.409
89267131669;-9;mertie16@hotmail.com;17;Крутицкая наб.д.24 кв.261
89199319434;3;laurianne.beahan@hartmann.com;3;Первомайская ул.д.62 кв.388
89588198434;-7;rahsaan.walter@schaefer.com;19;пр. Загорскогод.41 кв.213
89668270434;-10;zjacobi@hotmail.com;16;Байкальская ул.д.42 кв.90
89257253889;2;strosin.ellsworth@yahoo.com;2;Зелёная ул.д.93 кв.345
89258937434;8;hbuckridge@hotmail.com;8;2-й Набережный туп.д.43 кв.65
89997268300;7;ukertzmann@yahoo.com;7;ул. Самеда Вургунад.5 кв.319
89369363889;-5;mervin39@hotmail.com;21;ул. Маршала Баграмянад.55 кв.190
89108803789;9;babshire@prosacco.com;9;2-й Капотнинский пр.д.42 кв.93
89698918300;11;connie.botsford@hills.com;11;ул. Верейская Слободад.59 кв.371
89096788300;10;eliezer.roob@yahoo.com;10;Сержантская ул.д.11 кв.425
89167946889;-11;breilly@smitham.com;15;Песчаный пер.д.44 кв.341
89629728300;-14;zena85@jacobi.biz;12;Кулаков пер.д.73 кв.261
89297939300;-11;weissnat.selina@christiansen.com;15;2-я Изумрудная ул.д.60 кв.474
89648389434;-19;cesar67@walsh.net;7;Старосадский пер.д.5 кв.67
89679775789;-10;alexzander.pollich@yahoo.com;16;ул. Перервад.18 кв.240
89668310078;-10;ayden.nienow@abshire.biz;16;ул. Сергея Макеевад.33 кв.313
89667868912;-3;lulu67@dickens.com;23;4-я ул. Новые Садыд.89 кв.422
89868186434;-10;stanton.klein@osinski.com;16;ул. Академика Бакулевад.25 кв.113
89096735789;-5;nora28@fay.com;21;Почтовая ул.д.34 кв.198
89866876434;-7;verla30@yahoo.com;19;наб. Ганнушкинад.2 кв.427
89159629434;9;stiedemann.erica@lang.com;9;ул. Бориса Жигулёнковад.64 кв.105
89589042900;8;sister72@gmail.com;8;М. Конюшковский пер.д.20 кв.338
89839493789;12;maryam24@kuhn.com;12;Дорожная ул.д.91 кв.184
89838023423;-4;kfranecki@mcclure.com;22;Строительная ул.д.14 кв.388
89016333212;9;dillan88@towne.com;9;Рабочая ул.д.18 кв.144
89999473423;13;aufderhar.larissa@gmail.com;13;Головинская наб.д.80 кв.390
89999900199;-8;ben30@bechtelar.com;18;Пекуновский туп.д.11 кв.375
89999655078;3;abdul.mraz@gmail.com;3;Шубинский пер.д.7 кв.9
89999833212;-5;hboyle@feeney.com;21;ул. Антонова-Овсеенкод.43 кв.249
89168614500;-7;viviane83@heathcote.info;19;Б. Купавенский пр.д.22 кв.280
89198689878;-5;alfreda.wuckert@cummerata.com;21;Осенний бульв.д.3 кв.363
89587447878;1;lon.weissnat@gusikowski.com;1;Банный пр.д.76 кв.469
89039355078;-8;carroll.jaylin@sanford.com;18;ул. Москворечьед.28 кв.224
89366360199;18;libbie09@zieme.org;18;Луговая ул.д.89 кв.94
89677926600;-4;cruickshank.anya@miller.com;22;Газгольдерная ул.д.58 кв.271
89997225500;3;ara.welch@lakin.info;3;ул. Военное Полед.24 кв.361
89629236078;-3;nstreich@gmail.com;23;ул. 1-й км Объездной Дорогид.53 кв.349
89997685212;-5;marie.little@lynch.com;21;Спасский мостд.29 кв.310
89808638799;-17;rhett.davis@goldner.biz;9;Минаевский пер.д.35 кв.451
89108506199;5;ethyl.ryan@gmail.com;5;ул. Братеевская Слободкад.23 кв.367
89268853078;-10;jokeefe@schiller.com;16;Анненская ул.д.7 кв.264
89688492212;4;connie.botsford@hills.com;4;1-й Дачно-Мещерский пр.д.22 кв.467
89169960799;-6;ibeer@hotmail.com;20;пр. Донелайтисад.97 кв.229
89588386078;-8;kutch.demond@hotmail.com;18;Вышгородская ул.д.7 кв.47
89587933078;5;tillman.lauren@hotmail.com;5;Высотная ул.д.67 кв.223
89298842078;-11;carole.murazik@hotmail.com;15;Парковая ул.д.32 кв.144
89156283078;-11;von.lulu@gmail.com;15;Молодёжная ул.д.75 кв.445
89867714212;5;lowe.jaida@gmail.com;5;4-я Мякининская ул.д.19 кв.191
89638051912;-6;ewell61@lockman.com;20;Матвеевская ул.д.60 кв.464
89108517078;-9;elfrieda47@mcglynn.com;17;Сверчков пер.д.97 кв.196
89838370600;9;julianne43@hotmail.com;9;Стройковская ул.д.92 кв.197
89998257912;9;lindsay25@yahoo.com;9;35-й км МКАДд.70 кв.474
89096811312;10;nat61@yahoo.com;10;36-й км МКАДд.73 кв.77
89686108199;12;mose.feil@gmail.com;12;Гагаринский пер.д.85 кв.457
89167321312;-9;bchamplin@hotmail.com;17;Середниковская ул.д.31 кв.145
89258196312;-7;jacobi.dianna@bins.com;19;ул. Скульптора Мухинойд.51 кв.265
89257529212;12;dayton85@roberts.org;12;Новопетровская ул.д.14 кв.499
89588688199;-11;bstanton@yundt.info;15;ул. Самуила Маршакад.21 кв.395
89858451312;-7;dkohler@hotmail.com;19;ул. Конструктора Гуськовад.25 кв.367
89998872423;-6;hammes.zetta@bednar.com;20;ул. Дружбыд.13 кв.461
89157551312;11;rodrigo24@hotmail.com;11;Зверинецкая ул.д.40 кв.399
89868393312;-9;joana.bashirian@hotmail.com;17;Куркинское ш.д.20 кв.149
89259877212;10;joey34@adams.com;10;86-й км МКАДд.97 кв.371
89669800212;-2;fstokes@gmail.com;24;Чугунный мостд.32 кв.269
89039489799;2;lysanne41@dooley.com;2;Первомайская ул.д.63 кв.247
89996383500;-4;lula60@hotmail.com;22;Симоновская наб.д.89 кв.132
89996608212;-7;enola.kautzer@schoen.net;19;ул. Каменкад.30 кв.466
89856111423;-17;cparisian@huels.biz;9;Дорожная ул.д.42 кв.451
89857310500;-10;asa.king@yahoo.com;16;ул. Ленинад.75 кв.166
89857267212;8;dchamplin@gmail.com;8;1-й Полевой пер.д.85 кв.17
89586082423;7;blaze15@hotmail.com;7;Луганская ул.д.58 кв.464
89589770500;9;leif29@yahoo.com;9;Красковская ул.д.21 кв.130
89588615423;-3;botsford.niko@bernier.net;23;ул. Шуховад.81 кв.64
89299919799;9;shane63@klocko.com;9;ул. Канторовичад.43 кв.147
89266784423;-7;norwood.gottlieb@gmail.com;19;Китайгородский пр.д.99 кв.388
89866286500;14;jwunsch@dicki.org;14;2-я ул. Новосёлкид.5 кв.27
89019880212;5;torp.zakary@white.com;5;69-й км МКАДд.21 кв.328
89196230912;5;boconnell@gerlach.info;5;Смоленский бульв.д.1 кв.436
89016624600;-12;mac28@gmail.com;14;2-й Нижнемасловский пер.д.71 кв.22
89109305878;3;elangosh@gmail.com;3;7-я Кожуховская ул.д.35 кв.465
89368015312;2;orn.dallin@nolan.com;2;3-я ул. Новые Садыд.36 кв.323
89867758212;-8;cronin.bernardo@becker.com;18;1-й Волконский пер.д.42 кв.367
89586440212;-25;hermann62@considine.biz;1;ул. Игоря Неттод.81 кв.17
89586983600;-9;anienow@gmail.com;17;Пакгаузное ш.д.27 кв.302
89178288500;7;vpaucek@yahoo.com;7;Армавирская ул.д.57 кв.352
89019178423;7;ibeer@hotmail.com;7;ул. Серовад.55 кв.305
89179293912;11;ukertzmann@yahoo.com;11;ул. Сикорскогод.40 кв.188
89646136799;-9;ekeeling@hotmail.com;17;Калужская пл.д.16 кв.397
89019400423;12;lrunolfsdottir@feil.com;12;пер. Достоевскогод.85 кв.323
89697852799;-10;willms.clifford@yahoo.com;16;Гольяновский пр.д.44 кв.5
89998200423;4;hane.oral@watsica.com;4;ул. Коцюбинскогод.47 кв.138
89169269312;-5;raynor.eudora@yahoo.com;21;Полковая ул.д.65 кв.277
89589255912;-5;rglover@glover.com;21;Лесная ул.д.85 кв.70
89589525912;-2;wdenesik@gmail.com;24;Джанкойская ул.д.5 кв.134
89097111799;6;oceane44@windler.com;6;Челобитьевское ш.д.60 кв.219
89097131799;-8;yvonne44@larkin.com;18;Старорублёвский мостд.11 кв.263
89019880423;2;damon18@hotmail.com;2;Иваньковский мостд.13 кв.213
89779229423;-4;efrain.greenholt@hagenes.biz;22;98-й км МКАДд.64 кв.239
89997454912;10;marvin.guillermo@yahoo.com;10;Февральская ул.д.90 кв.144
89017111223;-5;everett02@yost.com;21;1-й Лыковский пр.д.8 кв.228
89777268989;4;upton.timothy@gmail.com;4;1-й Гончаровский пер.д.20 кв.426
89777526989;-10;amelie.hahn@effertz.com;16;2-й Кленовый пер.д.81 кв.106
89996790089;-10;renee.bahringer@oconnell.com;16;ул. Лётчика Павловад.34 кв.309
89659974912;-5;shana07@eichmann.info;21;Зелёная ул.д.32 кв.283
89368864912;3;tillman.schaefer@yahoo.com;3;3-й Рушниковский пер.д.6 кв.369
89688124523;11;leannon.esta@kshlerin.com;11;Озёрная ул.д.24 кв.409
89067185612;5;irving09@streich.com;5;Ключевая ул.д.5 кв.305
89257820089;-11;alfreda.wuckert@cummerata.com;15;ул. Бирюсинкад.75 кв.171
89586559423;2;orunolfsdottir@boyle.net;2;Футбольная ул.д.23 кв.46
89676536989;-6;zwolf@gmail.com;20;ул. Маршала Тимошенкод.84 кв.347
89836968312;6;sidney.deckow@hotmail.com;6;Соловьиная ул.д.81 кв.443
89867262323;-6;elsa.pouros@mosciski.com;20;Добровольческая ул.д.41 кв.47
89779334112;-12;trisha12@hotmail.com;14;Бородинский мостд.52 кв.35
89777933223;2;taurean06@torphy.com;2;ул. Бубновад.35 кв.155
89996741089;-10;plakin@gmail.com;16;2-й Смоленский пер.д.40 кв.143
89588072323;12;shanna95@goldner.com;12;б-р Андрея Тарковскогод.50 кв.333
89296960089;2;torp.clemens@gmail.com;2;ул. Мостотрестад.56 кв.13
89298506989;2;jwalker@hotmail.com;2;мост Багратионд.87 кв.239
89779320700;2;kframi@gmail.com;2;ул. Березоваяд.39 кв.74
89627376989;-6;ngreenfelder@spinka.net;20;Серпуховская пл.д.91 кв.280
89259105089;-17;carey33@miller.net;9;Жигулёвская ул.д.72 кв.166
89997504112;7;alice31@yahoo.com;7;ул. Нижн. Масловкад.59 кв.248
89198029800;-3;gulgowski.ashlee@will.net;23;ш. Фрезерд.43 кв.38
89169698800;1;celine10@hotmail.com;1;Садовый пер.д.44 кв.156
89688227700;-7;paucek.milan@gmail.com;19;2-я Песчаная ул.д.57 кв.251
89647604523;1;fstokes@gmail.com;1;ул. Орджоникидзед.16 кв.451
89299222112;3;raymundo.fay@toy.com;3;69-й км МКАДд.88 кв.184
89366232089;-2;reginald.dubuque@gmail.com;24;Рогозининская ул.д.9 кв.347
89019736089;1;considine.verda@swift.com;1;2-й Войковский пр.д.66 кв.14
89678596612;-9;heller.ryan@gmail.com;17;Волынская ул.д.20 кв.393
89997013089;6;furman61@yahoo.com;6;Шелапутинский пер.д.21 кв.3
89997846089;6;serena.maggio@gmail.com;6;Дербеневская ул.д.89 кв.241
89168802112;-2;caroline.green@gmail.com;24;Козлова ул.д.35 кв.207
89639493223;-13;shana07@eichmann.info;13;ул. Княжнинад.47 кв.146
89066272089;-5;leonor.marquardt@smitham.org;21;3-я ул. Новые Садыд.24 кв.45
89367280700;5;wmetz@hotmail.com;5;4-й Добрынинский пер.д.90 кв.293
89866948700;1;hammes.zetta@bednar.com;1;ул. Сретенкад.53 кв.381
89256101989;-2;nmurazik@hotmail.com;24;Днепропетровский пр.д.28 кв.97
89639639089;10;abdullah.bernier@fritsch.com;10;Гагаринский пер.д.87 кв.482
89589674323;13;gorczany.sierra@marks.com;13;2-й Лесной пер.д.92 кв.36
89677588089;11;steuber.nasir@hotmail.com;11;Южнопортовая ул.д.1 кв.191
89856074223;-9;zokeefe@yahoo.com;17;Северная ул.д.44 кв.377
89297195523;4;gupton@gmail.com;4;79-й км МКАДд.19 кв.436
89268343112;-7;effertz.ernestina@yahoo.com;19;Рябиновая ул.д.73 кв.403
89019572223;-5;vhowe@hotmail.com;21;ул. Подольских Курсантовд.54 кв.280
89587989112;2;fbashirian@schamberger.com;2;Измайловская пл.д.60 кв.34
89698229112;5;brady12@lindgren.com;5;2-й Солнечный пер.д.37 кв.44
89196071323;10;roman61@hotmail.com;10;Газетный пер.д.36 кв.78
89997209223;6;jfritsch@schamberger.info;6;Озерковский пер.д.21 кв.56
89258778112;11;isabella46@hotmail.com;11;1-й Зачатьевский пер.д.83 кв.332
89108194089;12;newton84@farrell.org;12;М. Бронная ул.д.52 кв.195
89658575223;5;oconnell.dan@hotmail.com;5;2-й Хорошёвский пр.д.4 кв.158
89268663112;13;becker.leora@gmail.com;13;51-й км МКАДд.7 кв.451
89157629112;5;veda.predovic@yahoo.com;5;Ташкентская ул.д.12 кв.340
89256446323;13;preston.walker@walsh.com;13;пл. Академика Келдышад.70 кв.8
89256175112;-10;williamson.mary@kessler.biz;16;2-й пер. Петра Алексеевад.83 кв.38
89586524089;1;schultz.harley@yahoo.com;1;1-я Аэропортовская ул.д.73 кв.131
89678116323;-8;fvon@howell.net;18;22-й км МКАДд.75 кв.460
89649530800;3;dohara@gmail.com;3;ул. Мельниковад.84 кв.436
89586388612;6;purdy.randall@yahoo.com;6;Главная ул.д.99 кв.321
89998554412;7;lebsack.naomi@hotmail.com;7;Полевая ул.д.46 кв.330
89019986523;12;kohler.braulio@yahoo.com;12;Востряковское ш.д.26 кв.433
89776260223;-9;halvorson.mittie@gmail.com;17;Панфиловский просп.д.62 кв.479
89998490223;-12;vlarkin@oconnell.com;14;Угловой пер.д.16 кв.453
89069746223;2;effertz.brielle@hartmann.com;2;ул. Сенькино-3д.67 кв.387
89368875412;-21;xzulauf@howe.biz;5;3-я Богатырская ул.д.48 кв.386
89629278223;7;grace28@hotmail.com;7;Сентябрьская ул.д.46 кв.376
89036990223;-4;mabel35@gmail.com;22;Певчий бульв.д.12 кв.213
89268646223;-6;concepcion.schuster@hotmail.com;20;Бархатный пер.д.1 кв.427
89368027223;-8;bruen.jamaal@hotmail.com;18;Грибоедовская пл.д.65 кв.66
89169025412;-10;uyost@hotmail.com;16;ул. Каменкад.37 кв.389
89167580523;-9;wunsch.nikita@gislason.com;17;Татарская ул.д.45 кв.443
89838543523;5;laverne.hyatt@kuhic.com;5;2-я Лыковская ул.д.99 кв.30
89587306523;5;collier.allan@gutkowski.org;5;1-й Медведковский мостд.16 кв.441
89667897523;11;rey.emard@hotmail.com;11;Златоустовская ул.д.93 кв.163
89999895323;1;brennan41@gmail.com;1;Харьковская ул.д.22 кв.347
89109104700;-5;deckow.bette@hauck.biz;21;пл. Курского Вокзалад.56 кв.94
89686559612;-14;garmstrong@sauer.biz;12;Хохловский пер.д.68 кв.219
89689062612;-9;gustave68@yahoo.com;17;Старокрымская ул.д.47 кв.443
89258666700;7;burnice37@quitzon.com;7;ул. Бирюсинкад.86 кв.376
89037326523;-8;sabina.price@yahoo.com;18;Новоспасский пр.д.17 кв.266
89856731800;2;mraz.kenyatta@yahoo.com;2;Жуков пр.д.57 кв.113
89369112612;3;everette42@casper.info;3;Тополиная ул.д.57 кв.424
89156116700;-11;furman61@yahoo.com;15;ул. Котовскогод.9 кв.237
89868684612;-10;vgislason@powlowski.com;16;Новокуркинское ш.д.51 кв.265
89867710989;7;lind.patrick@jakubowski.com;7;Богородское ш.д.46 кв.202
89868011800;13;harvey.fiona@gmail.com;13;81-й км МКАДд.89 кв.2
89178525800;9;scottie.rohan@gmail.com;9;Лесная ул.д.23 кв.12
89647898523;-7;dsimonis@roberts.com;19;ул. Бианкид.20 кв.36
89019471612;-12;ymann@gmail.com;14;Аникинская ул.д.58 кв.62
89016733800;13;jaskolski.mozelle@gmail.com;13;1-я Апрельская ул.д.87 кв.176
89779424800;5;gusikowski.jewell@jast.info;5;Центральная пл.д.62 кв.333
89779741612;10;igusikowski@hotmail.com;10;2-я Покровская ул.д.1 кв.72
89777628412;1;cassie.gaylord@yahoo.com;1;Олонецкая ул.д.87 кв.403
89016290412;9;beaulah.bayer@yahoo.com;9;Солянский пр.д.94 кв.51
89779682989;-11;swift.carlee@gmail.com;15;Совхозная ул.д.22 кв.467
89199014800;-9;schultz.roosevelt@hotmail.com;17;Ухтомский пер.д.78 кв.246
89996806412;-5;libby.bergstrom@tremblay.com;21;Рабочая ул.д.64 кв.401
89858620323;9;alyson.ullrich@heaney.com;9;Цветочная ул.д.32 кв.336
89369346800;-24;johnson.harrison@gusikowski.biz;2;пл. Победыд.70 кв.59
89168315989;5;fwelch@yahoo.com;5;ул. Ивана Гераськинад.31 кв.188
89866118412;-3;rey.emard@hotmail.com;23;Пушкинская пл.д.58 кв.421
89588968412;-2;kkihn@hotmail.com;24;Песочная ул.д.3 кв.489
89167455700;11;edythe.turcotte@gmail.com;11;2-й Тверской-Ямской пер.д.24 кв.246
89169922989;-6;letha.moen@hotmail.com;20;Октябрьская ул.д.34 кв.140
89179164800;2;carole.stroman@yahoo.com;2;1-я ул. 8 Мартад.24 кв.61
89776784989;-21;maxwell.herman@gaylord.biz;5;Мартыновский пер.д.12 кв.133
89838112989;11;pfeffer.jensen@yahoo.com;11;Липецкая ул.д.40 кв.227
89106769923;9;sigurd34@kovacek.com;9;Напрудный пер.д.81 кв.431
89687426923;9;rachael.fisher@hotmail.com;9;пл. Дорогомиловская Заставад.78 кв.107
89259714512;8;morissette.jakob@gmail.com;8;Юбилейная ул.д.80 кв.342
89269009412;8;obergnaum@yahoo.com;8;Петрозаводская ул.д.2 кв.329
89866139412;10;volkman.richard@yahoo.com;10;ул. Шумиловад.14 кв.35
89169661700;-2;green.chanel@smith.com;24;ул. Садовая Слободад.20 кв.482
89648726412;-8;carlotta87@hotmail.com;18;пр. Якушкинад.51 кв.116
89169326923;-6;karen.beatty@gmail.com;20;ул. Петровкад.8 кв.112
89778785069;-10;malachi73@yahoo.com;16;ул. Исаково-1д.77 кв.335
89688985069;10;myron.brakus@eichmann.com;10;пер. Маяковскогод.22 кв.156
89998948869;1;bruen.jamaal@hotmail.com;1;Алабушевская ул.д.43 кв.56
89857893256;4;philip.huel@bashirian.info;4;Рижский пр.д.12 кв.141
89268312134;-5;clemmie.jones@simonis.com;21;Загородное ш.д.99 кв.279
89167167712;-12;ohara.cleo@hotmail.com;14;Академическая пл.д.84 кв.201
89169061069;-6;cschowalter@hotmail.com;20;Мирная ул.д.29 кв.214
89586242134;-2;collier.allan@gutkowski.org;24;7-я Кожуховская ул.д.23 кв.456
89269655512;-11;eturcotte@yahoo.com;15;ул. Маршала Рыбалкод.4 кв.24
89269712069;9;kathlyn10@gmail.com;9;Сиреневый бульв.д.14 кв.392
89297597869;12;lempi.kovacek@hintz.com;12;Новочеркасский бульв.д.4 кв.424
89176734334;16;hickle.lucie@wyman.org;16;Космическая ул.д.69 кв.179
89777825512;-3;ohammes@jenkins.com;23;Тополиная ул.д.4 кв.6
89996483069;-12;mariam33@lakin.com;14;Парковая ул.д.93 кв.244
89109658712;3;haag.glennie@hotmail.com;3;Садовая ул.д.5 кв.120
89069313069;11;romaguera.brianne@schamberger.com;11;Россошанская ул.д.15 кв.445
89258814334;5;cade.rogahn@paucek.net;5;Юбилейная ул.д.26 кв.408
89068410678;4;dpowlowski@lebsack.info;4;Шереметьевское ш.д.14 кв.36
89038627134;10;camden.christiansen@yahoo.com;10;Озерковский пер.д.80 кв.472
89369847134;-6;kohler.braulio@yahoo.com;20;ул. Измайловский Валд.3 кв.221
89368363069;-5;broderick27@borer.com;21;пл. Ганецкогод.73 кв.444
89368339069;-12;perdman@hermann.com;14;2-я Железнодорожная ул.д.36 кв.194
89676648712;1;lortiz@hotmail.com;1;ул. Светлановад.1 кв.131
89856615256;-2;fae.hirthe@hansen.net;24;Старокачаловская ул.д.33 кв.455
89267228712;9;rosalia42@aufderhar.com;9;Кожевнический пр.д.81 кв.18
89158725256;-6;lulu67@dickens.com;20;Западная ул.д.42 кв.369
89168303069;-3;marilou28@johnson.com;23;Ручейная ул.д.71 кв.139
89166249069;-18;paige.will@franecki.net;8;2-й Обыденский пер.д.33 кв.197
89586028712;-10;hlarson@stracke.biz;16;Ананьевский пер.д.65 кв.94
89298575512;-6;jaskolski.wanda@hotmail.com;20;Лыщиков пер.д.69 кв.67
89998838069;-12;pfeffer.pascale@gleason.biz;14;1-й пер. Тружениковд.98 кв.308
89996710869;-9;nmurazik@hotmail.com;17;ул. Берёзкид.95 кв.454
89777314069;10;langosh.amos@jacobi.com;10;ул. Генерала Максимчукад.64 кв.286
89996895134;-6;gulgowski.ashlee@will.net;20;Майский просекд.69 кв.350
89998977256;6;timmy91@larson.org;6;Арбатский пер.д.14 кв.418
89686505134;-6;pagac.furman@moore.com;20;3-я Никопольская ул.д.64 кв.159
89266764256;-8;yasmine.champlin@brown.com;18;Московская ул.д.74 кв.160
89268290869;-10;estell14@beatty.com;16;Осташковская ул.д.87 кв.92
89659238134;7;xward@hotmail.com;7;Электродный пр.д.51 кв.456
89657183334;10;abdullah.bernier@fritsch.com;10;ул. Плющевад.35 кв.497
89179777923;10;mcasper@jakubowski.com;10;Московско-Казанский пер.д.85 кв.12
89779807256;1;kirlin.josie@okeefe.org;1;Новомещерский пр.д.73 кв.222
89017927256;12;hwilliamson@yahoo.com;12;Придорожная ул.д.8 кв.343
89778346256;5;concepcion.schuster@hotmail.com;5;Языковский пер.д.52 кв.103
89586053334;18;cassandre.mueller@barrows.org;18;Железнодорожная ул.д.53 кв.70
89588534445;2;donavon.nienow@emard.net;2;Кленовая ул.д.4 кв.28
89999538678;-12;ben30@bechtelar.com;14;Рюмин пер.д.36 кв.302
89297586334;-12;kuhn.deven@feeney.com;14;ул. Вертолётчиковд.89 кв.305
89298436334;-8;kuhn.scot@hotmail.com;18;Белгородский пр.д.92 кв.192
89648733334;-11;pziemann@gibson.com;15;Солнечная ул.д.80 кв.163
89298375134;6;rrodriguez@damore.net;6;Весенняя ул.д.14 кв.306
89019285334;-9;fsatterfield@mcdermott.com;17;1-й Балтийский пер.д.90 кв.188
89999979678;8;harris.elliot@gmail.com;8;Арбатецкая ул.д.85 кв.470
89999659712;12;zokeefe@yahoo.com;12;5-я Вишнёвая ул.д.76 кв.312
89996717256;-10;conroy.alexandrine@yahoo.com;16;Рублёвское ш.д.65 кв.450
89369368678;-8;nheaney@greenholt.com;18;1-я Ямская ул.д.1 кв.67
89368846256;-4;lowell62@schoen.com;22;10-я Скворцовая ул.д.71 кв.429
89169891445;-13;sean.rowe@christiansen.biz;13;ул. Бунинская Аллеяд.57 кв.326
89587474445;-9;carole.stroman@yahoo.com;17;ул. Ротертад.25 кв.466
89299422445;11;keeling.veda@yahoo.com;11;Скаковая аллеяд.65 кв.219
89588887512;8;vbayer@yahoo.com;8;Житная ул.д.18 кв.177
89777812678;3;laurianne.beahan@hartmann.com;3;Пресненский пер.д.46 кв.309
89667398512;-3;alfreda.wuckert@cummerata.com;23;Вольный пер.д.10 кв.398
89106457678;11;mcasper@jakubowski.com;11;ул. Чкаловад.88 кв.201
89629156712;11;ledner.kristina@pollich.com;11;Ср. Кондратьевский пер.д.29 кв.250
89628007678;8;gmoore@gmail.com;8;ул. Жебруновад.72 кв.461
89259151869;-4;zoe73@douglas.com;22;Боярский пер.д.26 кв.226
89259295869;7;madalyn.dickinson@gmail.com;7;ул. Мусоргскогод.29 кв.116
89866983678;-7;bednar.abbey@yahoo.com;19;3-я Внуковская ул.д.17 кв.226
89868097512;-12;mkling@wisozk.com;14;Весенняя ул.д.67 кв.390
89858217678;7;christa83@hotmail.com;7;Флотская ул.д.86 кв.191
89169944678;-11;rwisozk@hotmail.com;15;2-й Зимёнковский пер.д.21 кв.1
89159181869;-3;altenwerth.benedict@stark.net;23;Ереванская ул.д.27 кв.246
89588253678;7;bshields@yahoo.com;7;ул. Ярцевские Поляны-2д.52 кв.335
89588927678;-19;marco30@armstrong.net;7;Коллективный пр.д.11 кв.14
89588673923;-3;little.alessia@gmail.com;23;64-й км МКАДд.23 кв.459
89299145869;-3;dohara@gmail.com;23;Якиманский пр.д.40 кв.380
89016069445;4;ehills@yahoo.com;4;ул. Ликовкад.86 кв.414
89998243869;10;effertz.ernestina@yahoo.com;10;Старопименовский пер.д.26 кв.144
89256578445;13;smarvin@hotmail.com;13;4-я Кабельная ул.д.59 кв.43
89257650445;-18;donnelly.fatima@jaskolski.biz;8;Староволынская ул.д.37 кв.433
89366269334;-6;rodger31@murray.biz;20;Арбатская пл.д.51 кв.363
89659660445;13;makenna05@yahoo.com;13;Спортивная ул.д.50 кв.323
89158933869;-10;bharvey@senger.com;16;пл. Маршала Бабаджанянад.19 кв.54
89099551678;-12;roman61@hotmail.com;14;ул. Лётчицы Тарасовойд.68 кв.159
89859184869;5;cabbott@tremblay.info;5;Рябиновая ул.д.28 кв.98
89268117445;4;tfeil@streich.info;4;пл. Ганецкогод.52 кв.282
89297290334;4;rowe.crawford@yahoo.com;4;ул. Лермонтовад.38 кв.194
89586763869;2;kdoyle@yahoo.com;2;Набережная ул.д.29 кв.44
89178127445;1;homenick.nathanial@hotmail.com;1;Радарная ул.д.96 кв.114
89019149445;-10;kamron28@barton.com;16;Свободный просп.д.30 кв.389
89997115712;12;jerde.daniela@gmail.com;12;3-й км МКАДд.81 кв.387
89017467856;-19;margarita52@greenfelder.biz;7;ул. Буяльскогод.59 кв.362
89777968934;-11;bharvey@senger.com;15;Старокаширское ш.д.11 кв.367
89999837856;12;bchamplin@hotmail.com;12;2-й Дорогобужский пер.д.47 кв.274
89196633712;4;yolanda87@gmail.com;4;Яхромская ул.д.53 кв.344
89259954923;3;pollich.lorenz@boyer.com;3;7-й Ростовский пер.д.37 кв.14
89259459445;-2;candido.schroeder@stanton.com;24;2-я ул. Машиностроенияд.88 кв.246
89257293400;1;wolff.anahi@mueller.com;1;пл. Академика Верещагинад.66 кв.143
89266203712;-3;concepcion.wisozk@hotmail.com;23;Б. Оленья ул.д.45 кв.166
89866424545;4;princess97@bruen.com;4;Цветочная ул.д.75 кв.199
89867485623;-6;georgette69@sipes.com;20;ул. Столетовад.23 кв.83
89176841712;9;dsimonis@roberts.com;9;Шипиловский пр.д.67 кв.189
89586468334;-11;donna.hessel@hotmail.com;15;Бесединское ш.д.45 кв.462
89178930056;-5;mckayla.murphy@wyman.com;21;Упорный пер.д.65 кв.137
89589038934;9;khalid.koss@hotmail.com;9;Колхозная ул.д.63 кв.271
89019285056;11;jerry.harvey@blick.com;11;Солнечная ул.д.79 кв.332
89996431145;-10;ibeer@hotmail.com;16;1-й Войковский пр.д.18 кв.267
89057229934;6;reynolds.savanah@mayer.info;6;Высокая ул.д.34 кв.346
89058003245;-9;lrunolfsdottir@feil.com;17;ул. Проходчиковд.62 кв.216
89859849934;-12;vmarquardt@daugherty.com;14;Ленинский просп.д.40 кв.147
89169397723;-7;cschowalter@hotmail.com;19;4-я Фиалковая ул.д.57 кв.155
89169183400;-10;kasandra49@hotmail.com;16;Западная ул.д.21 кв.382
89179710723;5;flatley.oren@lakin.org;5;Загородная ул.д.25 кв.147
89299299856;3;ratke.dangelo@yahoo.com;3;Помидорная ул.д.48 кв.326
89296211056;-9;sigmund.friesen@ratke.com;17;ул. Зацепад.72 кв.274
89998028723;-10;vbayer@yahoo.com;16;ул. Красных Зорьд.90 кв.185
89776632245;4;royce06@yahoo.com;4;ул. Ферсманад.26 кв.198
89997440623;10;kathlyn10@gmail.com;10;ул. Атарбековад.94 кв.163
89998254245;12;brigitte07@champlin.com;12;Б. Кондратьевский пер.д.70 кв.322
89059606056;7;roma.daugherty@gmail.com;7;4-я Мякининская ул.д.56 кв.154
89106706145;-10;rowe.crawford@yahoo.com;16;4-я Новокузьминская ул.д.77 кв.35
89257542056;-12;darron.bosco@yahoo.com;14;ул. Варлама Шаламовад.8 кв.453
89809840723;8;bogan.warren@gmail.com;8;ул. Рудольфа Дизеляд.61 кв.342
89369396056;2;herzog.hester@powlowski.com;2;Полковая ул.д.31 кв.183
89857024356;-3;alvera49@kulas.com;23;пл. Риммы Казаковойд.69 кв.451
89157778056;-12;cassidy20@yahoo.com;14;Зубарев пер.д.3 кв.136
89676090623;13;xmurphy@gmail.com;13;Лесная ул.д.47 кв.400
89269566145;11;elsa.wintheiser@franecki.org;11;Валдайский пр.д.87 кв.327
89169736145;3;lreynolds@quitzon.net;3;Старорублёвский мостд.52 кв.139
89776817056;-11;thagenes@lemke.com;15;Ракетный бульв.д.8 кв.305
89999097056;-3;alexzander60@gmail.com;23;Каспийская ул.д.85 кв.315
89996294245;-17;rmacejkovic@brakus.biz;9;Рабочая ул.д.67 кв.38
89996564056;11;ivonrueden@ullrich.com;11;2-й пр. Перова Поляд.33 кв.474
89697744056;2;gerardo.pfannerstill@swaniawski.info;2;Токмаков пер.д.76 кв.388
89196869245;11;rachel12@klocko.org;11;Учебный пер.д.28 кв.498
89197582545;-5;tbogisich@gmail.com;21;Даев пер.д.57 кв.220
89108948145;10;shawn10@hotmail.com;10;ул. Солянкад.70 кв.282
89686681934;-2;hbeahan@gmail.com;24;Рябиновая ул.д.5 кв.110
89686697934;-2;dashawn.bailey@gmail.com;24;ул. Годовиковад.63 кв.52
89257707934;-5;pbayer@hessel.com;21;Петровско-Разумовская аллеяд.99 кв.81
89658786356;-11;enola.kautzer@schoen.net;15;ул. Ленинад.97 кв.386
89857366356;9;turcotte.emmanuel@yahoo.com;9;1-я Брестская ул.д.49 кв.457
89268401356;1;kathryn.skiles@hotmail.com;1;Зубовский бульв.д.96 кв.238
89266066356;-15;zena.littel@kulas.net;11;Угрешская ул.д.21 кв.376
89177332545;-2;paucek.milan@gmail.com;24;Берёзовая ул.д.30 кв.173
89667706245;11;jared97@gmail.com;11;Востряковское ш.д.27 кв.136
89666649723;9;gdouglas@blanda.com;9;1-й Белокаменный пр.д.10 кв.300
89669505356;10;cassandre.mueller@barrows.org;10;1-я ул. Бебеляд.42 кв.365
89056993545;-10;nkihn@hotmail.com;16;Кубинская ул.д.56 кв.277
89067770545;5;devyn96@nader.com;5;Тополёвая аллеяд.23 кв.243
89066245356;4;morar.roberto@hotmail.com;4;Джамгаровская ул.д.85 кв.329
89037400245;8;reynolds.mona@hotmail.com;8;ул. Исаака Дунаевскогод.46 кв.22
89368830245;9;boconnell@gerlach.info;9;Центросоюзный пер.д.67 кв.361
89367593623;-5;guiseppe67@conn.com;21;Дорогобужский мостд.65 кв.363
89156382400;1;sandra.johnston@gmail.com;1;Западная ул.д.40 кв.41
89859651545;5;fsatterfield@mcdermott.com;5;ул. Яблочковад.34 кв.58
89167865400;-12;susie03@gmail.com;14;Котляковская ул.д.43 кв.151
89097113623;11;green.chanel@smith.com;11;Миллионная ул.д.64 кв.404
89639912856;12;pollich.ava@powlowski.com;12;Кирпичная ул.д.64 кв.196
89017679545;-11;murphy83@ward.com;15;Сиреневая ул.д.21 кв.141
89019266723;13;anahi.erdman@hotmail.com;13;Радужная ул.д.54 кв.56
89997104723;-3;parker12@hirthe.com;23;Овражная ул.д.18 кв.481
89996907623;13;ahessel@gusikowski.com;13;1-й Радиальный пр.д.20 кв.60
89058534856;2;xryan@yahoo.com;2;Байкальский пер.д.39 кв.433
89196893934;-12;vpaucek@yahoo.com;14;Центральная ул.д.29 кв.403
89199565856;-2;grace28@hotmail.com;24;Заводская ул.д.63 кв.359
89699735356;-11;rwisozk@hotmail.com;15;Полярный пр.д.20 кв.472
89699412623;-12;wilford.harris@sporer.com;14;Рижская пл.д.34 кв.175
89099870934;10;arden16@hotmail.com;10;Щукинская ул.д.51 кв.6
89869283623;-3;kris.marquise@gmail.com;23;Садовая ул.д.78 кв.343
89268300934;-2;collier.jarvis@mcdermott.com;24;ул. Кузнецовад.51 кв.16
89166194623;2;alfonso.pouros@donnelly.com;2;М. Ивановский пер.д.92 кв.470
89167584723;12;von.kacey@hotmail.com;12;6-я Кожуховская ул.д.39 кв.389
89588926545;10;darrin26@sauer.com;10;ул. Речниковд.76 кв.485
89017308400;-14;wdonnelly@ziemann.net;12;Дорожная ул.д.50 кв.274
89068560356;-15;ankunding.agustin@ernser.net;11;Зеленодольская ул.д.24 кв.459
89627397400;-21;mann.vita@krajcik.biz;5;пр. Кошкинад.27 кв.270
89257787356;-2;hlueilwitz@balistreri.info;24;Челобитьевское ш.д.57 кв.109
89369382723;12;reichert.shaylee@kerluke.com;12;Лесной пер.д.89 кв.136
89868407400;-3;ansley68@yahoo.com;23;Дачная ул.д.17 кв.251
89867012934;13;nitzsche.isac@gislason.com;13;пр. ⃩ 4919д.87 кв.385
89157067356;-22;williamson.mary@kessler.biz;4;2-я Фрунзенская ул.д.30 кв.164
89298274934;-7;chaim93@hotmail.com;19;ул. Генерала Донсковад.41 кв.362
89999761289;11;pearlie41@hotmail.com;11;1-й Новомихалковский пр.д.90 кв.349
89999593478;-7;jones.yadira@yahoo.com;19;2-я Рыбинская ул.д.21 кв.489
89659776400;-2;elfrieda47@mcglynn.com;24;ул. Неверовскогод.79 кв.296
89259076956;-11;hbeer@rempel.com;15;3-я Рейсовая ул.д.76 кв.321
89169627356;17;berniece27@barton.org;17;ул. Эйнштейнад.93 кв.157
89587493723;-11;greenfelder.crystel@huels.com;15;3-й Дорожный пр.д.28 кв.363
89588997356;-4;ulueilwitz@gmail.com;22;3-я Никопольская ул.д.59 кв.129
89179327356;-7;vaughn69@gmail.com;19;Колпачный пер.д.49 кв.367
89859790099;-25;slarkin@haag.biz;1;Заводская ул.д.73 кв.318
89298827356;5;altenwerth.benedict@stark.net;5;Прудовая ул.д.4 кв.234
89867167823;-5;albin36@cummerata.info;21;Февральская ул.д.5 кв.425
89996383478;12;alexzander.pollich@yahoo.com;12;Ижорская ул.д.50 кв.105
89996010156;12;dillan88@towne.com;12;Лесной пер.д.77 кв.35
89998751099;1;bernhard.roel@hotmail.com;1;Колпачный пер.д.56 кв.292
89178761289;12;korbin.grant@gmail.com;12;Новинский пер.д.23 кв.434
89178659956;-9;rachael.fisher@hotmail.com;17;Зелёная ул.д.18 кв.204
89109605099;-5;metz.dave@heathcote.org;21;ул. Кондратюкад.47 кв.232
89647281289;-6;shana.abernathy@nienow.com;20;Оршанская ул.д.76 кв.343
89629901099;-16;hlarson@stracke.biz;10;Астрадамский пр.д.46 кв.413
89367420156;-12;euna.gutkowski@yahoo.com;14;Олонецкий пр.д.37 кв.291
89869770156;-3;jada.lubowitz@hotmail.com;23;Школьная ул.д.39 кв.384
89867554156;-17;hessel.terry@kiehn.biz;9;ул. Плехановад.89 кв.119
89368366099;6;vella.pfannerstill@kautzer.com;6;ул. Сенькино-1д.67 кв.248
89366732099;9;dbeer@friesen.com;9;Преображенская ул.д.7 кв.473
89779373099;1;ijaskolski@gmail.com;1;М. Каменный мостд.22 кв.270
89869830756;8;eloisa.maggio@roberts.info;8;Майский просекд.80 кв.430
89998053099;-6;ohermiston@ferry.org;20;1-й Парковый пр.д.57 кв.448
89999533099;15;ayden75@gaylord.org;15;Новоухтомская ул.д.59 кв.492
89199302099;-3;bartholome52@yahoo.com;23;ул. Академика Волгинад.67 кв.55
89699634289;-7;whettinger@wehner.com;19;ул. Адмирала Угрюмовад.76 кв.80
89686614369;-7;hill.annabelle@yahoo.com;19;Выставочный пер.д.73 кв.173
89996611956;6;bogan.noel@hotmail.com;6;Ремесленная ул.д.97 кв.108
89367372099;-5;feil.herta@hotmail.com;21;Миргородский пр.д.69 кв.4
89157253099;-14;kautzer.emma@luettgen.info;12;3-я ул. Ямского Поляд.74 кв.204
89157038756;7;bobby04@stamm.org;7;Ивановский пр.д.79 кв.368
89157609099;-16;marquis69@kuhlman.biz;10;Сентябрьская ул.д.67 кв.359
89589951156;11;jettie33@kuhic.com;11;ул. Лётчика Новожиловад.4 кв.422
89858019156;-10;rodrick.rau@yahoo.com;16;ул. Крупскойд.95 кв.44
89866560656;-11;torp.adelbert@hotmail.com;15;ул. Касаткинад.98 кв.376
89996174099;7;macejkovic.zion@schiller.com;7;ул. Горожанкинад.11 кв.219
89639881956;8;little.alessia@gmail.com;8;Кропоткинский пер.д.9 кв.189
89648092289;9;pete57@hotmail.com;9;5-я Нововатутинская ул.д.42 кв.318
89018958156;-10;xbarton@wiegand.com;16;Смоленская наб.д.32 кв.12
89197079756;12;gretchen.durgan@yahoo.com;12;ул. Б. Якиманкад.83 кв.387
89158255156;-9;gerardo.pfannerstill@swaniawski.info;17;Лесная ул.д.97 кв.396
89258969756;-8;nitzsche.eugenia@gmail.com;18;пр. Дежнёвад.88 кв.244
89998321478;-9;whilpert@hotmail.com;17;ул. Дуровад.19 кв.404
89867972534;-10;bkunze@bartell.com;16;пр. Завода Серп и Молотд.51 кв.111
89168193369;-14;howe.marina@auer.net;12;ул. Академика Павловад.3 кв.384
89107525478;-6;xsanford@hotmail.com;20;6-й Красносельский пер.д.58 кв.389
89636728156;2;thora15@terry.com;2;1-й Новый пер.д.89 кв.284
89697117289;-10;carroll.jaylin@sanford.com;16;Прудный пер.д.69 кв.83
89587528156;-9;jordi.erdman@gmail.com;17;1-й Стрелецкий пр.д.35 кв.479
89177946369;6;bert.goldner@nicolas.info;6;Бутиковский пер.д.9 кв.476
89587307289;-6;cweber@erdman.org;20;Типографская ул.д.83 кв.342
89017102823;-11;kamron28@barton.com;15;43-й км МКАДд.77 кв.12
89368885478;6;royce06@yahoo.com;6;Гвардейская ул.д.39 кв.418
89998145369;-8;fisher.carmel@rosenbaum.com;18;ул. Новаторовд.68 кв.17
89859265478;11;qbradtke@schmidt.com;11;Луговая ул.д.53 кв.441
89156582478;-24;alfredo.kiehn@konopelski.biz;2;Минская ул.д.62 кв.254
89158592478;6;sydney77@casper.com;6;М. Оленья ул.д.36 кв.20
89169654478;-3;leonor.marquardt@smitham.org;23;Магистральный пер.д.44 кв.372
89636152478;1;unique.berge@hotmail.com;1;1-й Новомихалковский пр.д.60 кв.24
89638386289;11;jackeline.kling@gmail.com;11;Старосадский пер.д.30 кв.115
89588874478;-16;joana33@barrows.biz;10;ул. Жуковскогод.47 кв.292
89779327534;11;addison08@yahoo.com;11;Аптекарский пер.д.73 кв.351
89669716534;-17;xzulauf@howe.biz;9;Марьинский бульв.д.61 кв.437
89268124756;9;lucas36@hotmail.com;9;ул. Ращупкинад.2 кв.161
89996973656;-12;kunze.rosanna@crist.net;14;Тучковская ул.д.62 кв.453
89589986534;-10;leif29@yahoo.com;16;Отрадная ул.д.81 кв.247
89689007656;-8;pbayer@hessel.com;18;ул. Академика Павловад.75 кв.231
89777063956;2;sylvan52@yahoo.com;2;ул. Полянкад.14 кв.365
89997396756;2;xluettgen@larkin.info;2;Сивяков пер.д.43 кв.61
89996417656;3;gibson.victor@predovic.com;3;Печатников пер.д.76 кв.142
89036617534;-5;srolfson@mayert.com;21;ул. Стасовад.86 кв.402
89366543956;-8;lreichert@gmail.com;18;17-й км МКАДд.26 кв.86
89696554656;10;alberta41@gmail.com;10;Центральная ул.д.89 кв.58
89858312656;-9;adolfo80@oconner.biz;17;Дачная ул.д.48 кв.108
89686685823;-5;nbeer@jacobi.com;21;Скобелевская ул.д.34 кв.57
89156228289;2;ulueilwitz@gmail.com;2;1-й Курьяновский пр.д.25 кв.288
89866739656;2;brennon77@hotmail.com;2;Бутырская ул.д.10 кв.6
89659792656;9;lowe.stewart@gmail.com;9;1-я Ямская ул.д.73 кв.494
89838944656;9;ashtyn.gislason@muller.com;9;ул. Фёдора Дубовицкогод.30 кв.382
89267574656;12;heloise.turner@fritsch.com;12;Западная ул.д.82 кв.215
89866255956;-12;bednar.aliza@hotmail.com;14;Подъёмная ул.д.90 кв.121
89017085956;10;vhowe@hotmail.com;10;Ручейная ул.д.72 кв.445
89998532756;6;vrutherford@mcclure.com;6;пл. Мясницкие Воротад.76 кв.489
89779997478;-5;amya.nikolaus@hickle.org;21;Учительская ул.д.6 кв.79
89017341756;6;greta89@eichmann.org;6;ал. Архитектора Клейнад.78 кв.199
89256734823;8;skozey@gleason.com;8;ул. Братеевская Слободкад.7 кв.343
89998149369;13;koepp.libbie@gmail.com;13;Халтуринская ул.д.45 кв.369
89996008369;1;bridget.quitzon@bradtke.info;1;ул. Седовад.46 кв.471
89806143823;-12;aida01@altenwerth.info;14;ул. Громовад.67 кв.274
89367144823;-4;xreichel@gmail.com;22;пл. Иосипа Броз Титод.66 кв.453
89367820369;5;grace37@hotmail.com;5;Весенняя ул.д.34 кв.460
89856695956;-3;gretchen.durgan@yahoo.com;23;Полевая ул.д.15 кв.296
89688011756;3;eliezer.roob@yahoo.com;3;ул. Ухтомского Ополченияд.52 кв.155
89069150478;2;gmoore@gmail.com;2;Никольский пр.д.47 кв.31
89166607478;10;stanton.klein@osinski.com;10;Б. Кисельный пер.д.88 кв.478
89367166478;9;fwunsch@goyette.org;9;Сентябрьская ул.д.58 кв.166
89369977369;13;amparo25@yahoo.com;13;б-р Андрея Тарковскогод.81 кв.332
89837410369;8;veichmann@yahoo.com;8;Академическая ул.д.51 кв.331
89159057478;-14;eloisa.maggio@roberts.info;12;пр.пр. ⃪ 1438д.8 кв.487
89866227478;6;cbergnaum@hotmail.com;6;ул. Льва Яшинад.66 кв.68
89267659369;7;klabadie@upton.com;7;б-р Сенкевичад.87 кв.377
89669765756;7;luettgen.elenor@gmail.com;7;2-й Железнодорожный пер.д.67 кв.75
89169730478;1;marvin.llewellyn@hotmail.com;1;пл. Революциид.89 кв.100
89999350023;-4;rosalinda.jacobs@yahoo.com;22;Сиреневая ул.д.14 кв.303
89266540478;2;kunze.rosanna@crist.net;2;3-й Люсиновский пер.д.5 кв.171
89069325689;-10;ernesto93@towne.com;16;Июньская ул.д.1 кв.41
89298472956;-12;verlie.schmitt@mayer.com;14;б-р Веласкесад.13 кв.333
89366793469;3;emosciski@dare.com;3;Дачная ул.д.20 кв.32
89779483469;-11;euna.gutkowski@yahoo.com;15;2-я ул. Рославкад.47 кв.377
89679960023;-6;carey33@miller.net;20;Зеленоградская ул.д.12 кв.221
89678854599;-10;verla30@yahoo.com;16;3-й км МКАДд.4 кв.492
89997891023;-10;keeling.veda@yahoo.com;16;107-й км МКАДд.81 кв.18
89996115023;11;ronny.gulgowski@larkin.com;11;Заречная ул.д.53 кв.330
89157933469;-11;upton.timothy@gmail.com;15;1-й Самоцветный пер.д.45 кв.247
89777990769;7;libby.bergstrom@tremblay.com;7;Парусный пр.д.97 кв.369
89806130189;6;violet.kohler@brown.info;6;Окская ул.д.32 кв.172
89997760769;1;oconnell.dan@hotmail.com;1;Старообрядческая ул.д.3 кв.65
89267764599;-16;ihamill@braun.net;10;Светлая ул.д.50 кв.119
89868424189;11;wmills@gmail.com;11;Луговая ул.д.44 кв.388
89266253269;2;swift.carolyne@sporer.net;2;5-я Радиальная ул.д.61 кв.277
89639892189;-14;burley91@bashirian.net;12;ул. Ленинад.77 кв.432
89298210189;5;gbashirian@yahoo.com;5;Флотская ул.д.25 кв.95
89298025023;2;egreenfelder@hotmail.com;2;Шелепихинский туп.д.86 кв.160
89259177189;-8;gustave68@yahoo.com;18;Наро-Фоминская ул.д.94 кв.199
89017783023;-19;ihamill@sanford.net;7;ул. Спиридоновкад.7 кв.394
89366334399;1;verlie31@hotmail.com;1;Кавказский бульв.д.79 кв.124
89998534269;3;droob@altenwerth.info;3;Тимуровская ул.д.63 кв.229
89266307189;-9;serena.maggio@gmail.com;17;1-я Миусская ул.д.78 кв.93
89196461189;-6;ukuhlman@cole.net;20;ул. Усиевичад.60 кв.340
89018267023;9;roma.daugherty@gmail.com;9;2-я Барышевская ул.д.94 кв.415
89776782269;-2;henry.schmidt@langworth.biz;24;Грузинская пл.д.71 кв.491
89667005269;-12;eliezer.roob@yahoo.com;14;бульв. Матроса Железнякад.57 кв.210
89858958769;5;yosinski@yahoo.com;5;Светлогорский пр.д.45 кв.223
89159234269;13;waters.jodie@gmail.com;13;ул. Н. Башиловкад.22 кв.2
89166828769;-21;muller.dorothea@bogan.biz;5;Напрудный пер.д.80 кв.318
89067551969;7;jwalker@hotmail.com;7;Самарская ул.д.45 кв.430
89296034269;-11;bechtelar.oswaldo@hessel.com;15;Филатовский б-рд.70 кв.311
89777963189;-9;savanna.effertz@ernser.com;17;1-й Новомихалковский пр.д.22 кв.281
89019819269;-2;larkin.parker@spinka.com;24;Кленовая ул.д.47 кв.215
89778456399;19;ewell.mosciski@mosciski.org;19;Костомаровский пер.д.15 кв.258
89368162269;13;roob.leif@hotmail.com;13;Карманицкий пер.д.87 кв.352
89156102269;-9;ankunding.jermaine@mohr.com;17;6-я ул. Лазенкид.42 кв.80
89268453189;3;monte.fadel@yahoo.com;3;пр. Загорскогод.43 кв.121
89866462269;4;mosciski.emmalee@gmail.com;4;2-й Тверской-Ямской пер.д.39 кв.472
89169781969;-24;hessel.terry@kiehn.biz;2;Чертольский пер.д.76 кв.113
89198141399;5;bruen.jamaal@hotmail.com;5;ул. Дружбыд.16 кв.304
89019789769;-4;ortiz.cory@rippin.com;22;Урожайная ул.д.66 кв.89
89367521399;-9;reinger.rosalinda@effertz.com;17;пр.пр. ⃥ 5092д.74 кв.197
89368724023;-6;adams.dawn@ziemann.com;20;Восточный пр.д.79 кв.51
89868366399;-9;cbarrows@gmail.com;17;ул. Маршала Чуйковад.12 кв.412
89097974023;-5;fgoodwin@tillman.com;21;4-й Сыромятнический пер.д.71 кв.108
89869142599;9;ahoeger@yahoo.com;9;ул. Ликовкад.28 кв.76
89169797023;13;pziemann@gibson.com;13;Московский просп.д.71 кв.89
89589899269;-8;njerde@hotmail.com;18;Нагатинская наб.д.44 кв.296
89588332599;8;stehr.kennith@hotmail.com;8;ул. Грузинский Валд.85 кв.145
89269964023;16;dayton85@roberts.org;16;ул. Шверникад.4 кв.248
89776402469;-10;koch.elena@nikolaus.net;16;Ср. Трёхгорный пер.д.24 кв.83
89059515469;13;trevor90@ritchie.com;13;М. Толмачёвский пер.д.57 кв.422
89106395469;-14;uquigley@nikolaus.info;12;Старопанский пер.д.14 кв.496
89648397969;-3;smosciski@yahoo.com;23;2-й Новый пер.д.86 кв.384
89697263599;2;uhegmann@fadel.com;2;32-й км МКАДд.72 кв.380
89257993599;7;hickle.camryn@yahoo.com;7;Мякининский пр.д.51 кв.151
89109442812;-4;crau@hotmail.com;22;2-й Ботанический пр.д.35 кв.306
89197373599;2;kiley.williamson@hotmail.com;2;Весёлая ул.д.70 кв.363
89689805399;-2;anahi.treutel@hotmail.com;24;Ланинский пер.д.58 кв.337
89867841469;-9;blaze15@hotmail.com;17;2-й Павловский пер.д.8 кв.7
89168618689;15;kirlin.josie@okeefe.org;15;3-я ул. Лесные Поляныд.10 кв.480
89368970269;12;schaefer.dimitri@gmail.com;12;1-я Чоботовская аллеяд.3 кв.399
89589963599;-4;kasandra49@hotmail.com;22;ул. Головачёвад.2 кв.401
89588549769;11;shane63@klocko.com;11;Школьная ул.д.3 кв.303
89677201599;6;bill.kris@boyer.info;6;Новороссийская ул.д.35 кв.387
89666991812;-10;cormier.jarrett@schuppe.com;16;Фрязевская ул.д.61 кв.139
89997903689;3;alyson.ullrich@heaney.com;3;Городская ул.д.39 кв.416
89998407689;-19;lreynolds@quitzon.net;7;Куркинское ш.д.23 кв.130
89836890269;-12;franecki.krystina@yahoo.com;14;Полевая ул.д.73 кв.233
89777481812;-9;gbashirian@yahoo.com;17;36-й км МКАДд.53 кв.231
89016483969;-3;rashawn.cormier@hotmail.com;23;ул. Академика Ильюшинад.5 кв.134
89257610969;-21;julia93@kozey.biz;5;Старобитцевская ул.д.33 кв.47
89259544689;-10;pollich.cali@hotmail.com;16;ул. Немчиновад.42 кв.230
89106392689;-7;jewell26@yahoo.com;19;Зелёная ул.д.55 кв.492
89697568599;8;kyleigh.waelchi@yahoo.com;8;Дачная ул.д.25 кв.455
89676460969;-6;heathcote.morton@runolfsson.biz;20;Соловьиная ул.д.36 кв.10
89868752689;-11;koss.alfredo@dare.com;15;Фрунзенская наб.д.4 кв.320
89256258599;7;heller.sheldon@abbott.info;7;Новорязанское ш.д.52 кв.367
89168965399;-14;heller.sheldon@abbott.info;12;Центральная пл.д.51 кв.208
89368839599;-13;rosalinda.harris@emmerich.net;13;Комиссариатский мостд.18 кв.159
89859370969;4;myrtle29@schmitt.com;4;Дубравная ул.д.50 кв.143
89777979399;-5;norwood.gottlieb@gmail.com;21;1-й Сельскохозяйственный пр.д.21 кв.357
89869568599;-10;carole.murazik@hotmail.com;16;Коломенская наб.д.96 кв.156
89998454812;6;letha.moen@hotmail.com;6;1-я Нововатутинская ул.д.47 кв.306
89997354812;-4;bharvey@senger.com;22;Ферганский пр.д.40 кв.5
89639500399;-2;johnny39@gmail.com;24;ул. Мичуринский Проспект4 Олимпийская Деревняд.62 кв.182
89258801689;-6;enrico.nienow@yahoo.com;20;Измайловский пр.д.36 кв.471
89108374969;-22;udach@olson.biz;4;ул. Лентуловад.32 кв.489
89176843812;-7;rosalinda.jacobs@yahoo.com;19;1-й Подольский пер.д.95 кв.429
89588816812;13;nolan.abel@yahoo.com;13;Александровский пр.д.28 кв.416
89658445769;8;elangosh@gmail.com;8;Зелёная ул.д.50 кв.401
89777215769;-5;karen.beatty@gmail.com;21;Скобелевская ул.д.9 кв.423
89159343769;3;auer.tressie@grady.com;3;ул. Братьев Рябушинскихд.8 кв.264
89268097469;-14;isom97@littel.net;12;Самокатная ул.д.92 кв.390
89648711769;-12;ledner.santos@hessel.com;14;Миусский пер.д.67 кв.99
89667068945;-2;santiago36@yahoo.com;24;Остафьевская ул.д.9 кв.455
89999168945;2;ophelia.effertz@yahoo.com;2;1-я ул. Рославкад.99 кв.29
89857412378;-5;ehills@yahoo.com;21;Дублинская ул.д.92 кв.423
89869557399;8;torp.zakary@white.com;8;Барвихинская ул.д.73 кв.304
89106564589;-10;ulehner@gerlach.com;16;Венёвская ул.д.49 кв.117
89587534589;11;ullrich.jameson@yahoo.com;11;Электрозаводская ул.д.92 кв.233
89296199945;1;oframi@farrell.org;1;наб. Говорухинад.83 кв.252
89779093278;-4;fgutmann@hotmail.com;22;Хибинский пер.д.91 кв.54
89998308845;7;jared97@gmail.com;7;ул. Мусы Джалиляд.54 кв.146
89997141034;13;nyah.koss@gmail.com;13;Пилотская ул.д.64 кв.228
89999194169;-3;eleanora.heidenreich@sipes.org;23;Речная ул.д.78 кв.111
89179206945;-8;vcarroll@gmail.com;18;Лунная ул.д.86 кв.56
89589859945;-8;iorn@cormier.info;18;2-й Новокузнецкий пер.д.76 кв.495
89648906945;-5;fcorkery@stoltenberg.com;21;Лыковский пр.д.35 кв.154
89037052169;4;adams.dawn@ziemann.com;4;2-й Казанский просекд.24 кв.198
89668856034;3;iorn@cormier.info;3;ул. Соловьиная Рощад.3 кв.137
89367069845;-6;yasmine.champlin@brown.com;20;ул. Николая Сладковад.23 кв.414
89106166034;2;terrell.lind@hotmail.com;2;аллея Лесные Прудыд.92 кв.133
89256989034;10;jada.lubowitz@hotmail.com;10;Новомосковская ул.д.27 кв.289
89016136034;-4;noble.jacobs@fadel.info;22;ул. Академика Понтрягинад.3 кв.142
89777170745;-5;pgleichner@smith.com;21;ул. Рассудовское Лесничествод.91 кв.404
89039866034;-9;blaze15@hotmail.com;17;ул. Старые Сосенкид.63 кв.81
89999136034;5;taurean06@torphy.com;5;2-й Краснокурсантский пр.д.74 кв.11
89996770745;-7;labadie.beryl@anderson.net;19;2-я Белогорская ул.д.20 кв.296
89998392034;11;kfriesen@gmail.com;11;Полесский пр.д.53 кв.340
89857465034;-6;barbara.stanton@yahoo.com;20;Полевая ул.д.41 кв.112
89858807169;13;hintz.nya@yahoo.com;13;Чароитовая ул.д.11 кв.69
89096337745;2;mkoelpin@hotmail.com;2;Соловьиная ул.д.22 кв.8
89109128745;3;schulist.leta@hermann.com;3;ул. Фадеевад.1 кв.418
89588455589;-7;rwiza@gmail.com;19;Полевая ул.д.67 кв.264
89587357745;8;jones.yadira@yahoo.com;8;Заводское ш.д.27 кв.368
89586521169;-12;bernadette39@hotmail.com;14;Новая ул.д.24 кв.73
89258536034;2;german23@hotmail.com;2;Театральная ул.д.41 кв.454
89367002034;-10;dicki.adrian@yahoo.com;16;4-й пр. Перова Поляд.92 кв.425
89867536034;4;okey46@stiedemann.com;4;ул. Степана Эрьзид.68 кв.434
89268954378;-3;lon.weissnat@gusikowski.com;23;Милицейский пер.д.30 кв.185
89196444278;7;hoeger.antwan@brakus.com;7;Беговая ул.д.58 кв.42
89176165589;-8;flatley.garett@heaney.info;18;4-й Цветочный пер.д.23 кв.390
89869594278;9;connie.botsford@hills.com;9;Ср. Наставнический пер.д.38 кв.162
89039048034;2;wdenesik@gmail.com;2;ш. Энтузиастовд.95 кв.485
89777353378;-7;gleason.skyla@yahoo.com;19;Туристская ул.д.54 кв.496
89996681378;-5;terrence78@feest.com;21;Иерусалимская ул.д.18 кв.491
89997907278;7;gideon15@orn.com;7;Летовская ул.д.79 кв.188
89657648034;-12;mariano63@bartell.info;14;ал. Архитектора Долгановад.68 кв.97
89699412489;7;qwillms@corkery.org;7;Лухмановская ул.д.83 кв.371
89167507945;4;weissnat.selina@christiansen.com;4;Б. Матросский пер.д.72 кв.390
89166708169;-6;rashawn.cormier@hotmail.com;20;Астрадамский пр.д.52 кв.140
89036568169;1;kutch.derrick@gmail.com;1;Широкий пр.д.32 кв.102
89019792489;8;farrell.ophelia@treutel.com;8;Песочная ул.д.79 кв.268
89998892489;-2;garmstrong@sauer.biz;24;Лесная ул.д.38 кв.302
89999929745;6;horace.robel@gmail.com;6;Пыхов-Церковный пр.д.97 кв.483
89099775169;3;mraz.clemmie@hotmail.com;3;ул. Толбухинад.92 кв.122
89589490589;5;shakira26@hotmail.com;5;Флотская ул.д.2 кв.268
89807808634;-3;jamil63@considine.biz;23;ул. Варваркад.31 кв.388
89806995489;-23;sadie.keebler@larson.biz;3;ул. Суворовад.87 кв.381
89018830278;-4;rae80@leuschke.org;22;Новобурцевская ул.д.44 кв.30
89367938634;8;neichmann@hotmail.com;8;1-й Новый пер.д.56 кв.302
89999550278;-8;brekke.ferne@mcclure.net;18;Артельная ул.д.10 кв.20
89996922845;-2;hwilliamson@yahoo.com;24;3-й Щукинский пр.д.86 кв.195
89996171589;12;hayes.lawrence@gmail.com;12;1-я ул. Текстильщиковд.62 кв.27
89058198278;10;elangosh@gmail.com;10;Дорожная ул.д.19 кв.38
89109944745;-2;cormier.archibald@hotmail.com;24;Багрицкий мостд.83 кв.397
89177535489;8;ken.kuhic@leuschke.com;8;Воловья ул.д.24 кв.332
89178394489;-11;rubie.okeefe@yahoo.com;15;5-я Нововатутинская ул.д.46 кв.364
89036407589;8;shanna95@goldner.com;8;6-й Самоцветный пер.д.24 кв.378
89019112634;9;amber.willms@yahoo.com;9;ул. Харлампиевад.78 кв.109
89778317589;-2;burnice88@yahoo.com;24;Борисовский пр.д.64 кв.151
89776595378;1;gibson.lynn@kunde.com;1;ул. Рассудовское Лесничествод.83 кв.316
89018890945;3;flatley.oren@lakin.org;3;Лесная ул.д.12 кв.432
89998543945;-8;kfranecki@mcclure.com;18;1-й Новобурцевский пер.д.1 кв.140
89199276589;9;keeling.veda@yahoo.com;9;пр.пр. ⃭ 727д.55 кв.368
89068477634;-6;drunte@wilkinson.com;20;ул. Рогожский Посёлокд.1 кв.251
89776554634;11;lrunolfsdottir@feil.com;11;Летняя аллеяд.78 кв.174
89997651845;-4;isenger@yost.net;22;Б. Ржевский пер.д.25 кв.199
89657960945;7;dickinson.rebeca@gmail.com;7;Стремянный пер.д.72 кв.266
89366967634;4;timothy43@treutel.com;4;ул. М. Ордынкад.61 кв.36
89266173634;5;bernhard.roel@hotmail.com;5;ул. Львовад.15 кв.477
89199223845;9;laurianne66@gerhold.org;9;Подсосенский пер.д.23 кв.239
89179706745;6;kdoyle@yahoo.com;6;ул. Богатырский Мостд.6 кв.123
89257741845;10;beaulah.bayer@yahoo.com;10;2-я Подрезковская ул.д.15 кв.324
89368949589;-3;gorczany.shane@gmail.com;23;Суворовская пл.д.49 кв.146
89869354634;9;vbayer@yahoo.com;9;пр. ⃭ 4914д.25 кв.145
89869402634;-3;kayleigh73@yahoo.com;23;Парковая ул.д.26 кв.238
89267201634;-13;rebekah.dicki@mayert.net;13;Буженинова ул.д.89 кв.390
89059960378;-4;turner.wiegand@deckow.com;22;Багратионовский пр.д.29 кв.142
89106396845;-12;legros.sylvan@gmail.com;14;Леонтьевский пер.д.59 кв.101
89199602745;9;rboyle@kerluke.com;9;Пречистенский пер.д.25 кв.89
89067338489;-10;hane.meredith@hotmail.com;16;Ляминский пр.д.62 кв.40
89256872745;-9;wgerlach@hotmail.com;17;Лебяжий пер.д.8 кв.466
89777692945;-22;zena85@jacobi.biz;4;2-й Южнопортовый пр.д.78 кв.229
89776436489;-6;fvon@howell.net;20;Очаковская ул.д.23 кв.454
89998061745;7;marvin.llewellyn@hotmail.com;7;Светлая ул.д.4 кв.57
89368833845;1;okey46@stiedemann.com;1;Прибрежная ул.д.29 кв.132
89856002745;-2;michelle.lebsack@yahoo.com;24;3-й Самоцветный пер.д.19 кв.126
89639863845;12;hill.annabelle@yahoo.com;12;ул. Академика Бакулевад.64 кв.152
89586946845;10;juliana.walsh@yahoo.com;10;Певчий бульв.д.29 кв.330
89587538489;-4;constance.hackett@labadie.com;22;Тихвинская ул.д.13 кв.125
89588004845;-16;rosalinda.harris@emmerich.net;10;Хомутовский туп.д.9 кв.101
89626529378;-2;lempi.kovacek@hintz.com;24;Цимлянская ул.д.51 кв.334
89867117489;13;carter.mac@yahoo.com;13;Десантная ул.д.43 кв.444
89266807378;-5;hilpert.pascale@aufderhar.info;21;Золоторожский пр.д.55 кв.365
89109181745;-7;ggreen@gmail.com;19;Валовая ул.д.78 кв.231
89698368378;-5;vincent.walsh@kihn.com;21;Рыбников пер.д.58 кв.91
89638810489;10;gusikowski.billie@macejkovic.com;10;Золотая ул.д.10 кв.293
89686059489;-2;bkunze@bartell.com;24;Красноказарменная ул.д.6 кв.28
89176682945;1;zboncak.esmeralda@klocko.com;1;ул. Н. Ипатовкад.12 кв.345
89069656978;11;earlene.wilkinson@gmail.com;11;Дальняя ул.д.1 кв.203
89257015745;6;bessie53@gmail.com;6;Радужная ул.д.26 кв.311
89628153745;-5;bahringer.hassie@gmail.com;21;1-й Силикатный пр.д.64 кв.135
89258687834;2;ullrich.jameson@yahoo.com;2;Юбилейная ул.д.84 кв.104
89669371299;5;dare.emiliano@hermann.com;5;Б. Дровяной пер.д.38 кв.141
89807523499;6;pgrady@yahoo.com;6;Куркинское ш.д.56 кв.129
89367035745;-7;gutkowski.kyleigh@yahoo.com;19;ул. Ивана Сусанинад.18 кв.435
89698626978;9;von.kacey@hotmail.com;9;Орловский пер.д.80 кв.332
89697846978;14;abernathy.savanna@rodriguez.org;14;7-я ул. Лазенкид.24 кв.144
89588295745;12;fdoyle@yahoo.com;12;1-я Фиалковая ул.д.49 кв.491
89179272945;6;ohara.john@willms.net;6;Митинская ул.д.47 кв.496
89298996489;3;leopold.boyle@hoeger.com;3;Высоковольтный пр.д.99 кв.320
89368909978;2;beier.israel@williamson.org;2;Бескудниковский пр.д.57 кв.271
89016305045;-5;christop.pollich@dare.info;21;1-й Северный пер.д.57 кв.424
89669325045;-11;jgulgowski@gmail.com;15;Сосновая ул.д.56 кв.105
89867668978;-11;vcarroll@gmail.com;15;ул. Пречистенкад.67 кв.336
89157384578;4;claudia.ortiz@gmail.com;4;1-я Барышевская ул.д.82 кв.420
89866912178;16;ubeier@von.org;16;Химкинский мостд.62 кв.491
89269597834;7;mitchell.kris@yahoo.com;7;ул. Дорский Ручейд.54 кв.419
89998782178;4;corkery.wava@hotmail.com;4;Сходненская ул.д.23 кв.372
89696520178;8;thiel.shaniya@schneider.info;8;4-я Магистральная ул.д.51 кв.249
89649675645;-9;savanah88@hotmail.com;17;7-я Чоботовская аллеяд.82 кв.419
89646883499;13;lonnie25@flatley.com;13;1-й Заречный пр.д.50 кв.66
89018507178;-7;murazik.bernita@gmail.com;19;Танковый пр.д.69 кв.149
89999312045;3;wchristiansen@gmail.com;3;Преображенская наб.д.16 кв.458
89369614178;9;ahessel@gusikowski.com;9;Некрасовская ул.д.48 кв.250
89638491045;-4;lamont45@wilderman.com;22;Старогавриковская ул.д.48 кв.447
89586354178;-7;murazik.bernita@gmail.com;19;Сеченовский пер.д.67 кв.3
89586496645;-14;tbeahan@mohr.info;12;Лесная ул.д.92 кв.234
89368156045;-6;eharber@hotmail.com;20;12-й пр. Марьиной Рощид.11 кв.253
89017485578;-9;estell14@beatty.com;17;Новохорошёвский пр.д.78 кв.101
89858045578;9;destiny.pacocha@yahoo.com;9;Речная ул.д.10 кв.342
89856166045;6;schumm.frieda@carroll.com;6;Садовая ул.д.73 кв.225
89269910734;13;ideckow@wiegand.com;13;Берёзовая ул.д.62 кв.108
89867591178;5;curt.schumm@hotmail.com;5;пер. Огородная Слободад.33 кв.486
89179610734;-8;ihamill@sanford.net;18;Ст. Зыковский пр.д.58 кв.2
89299309834;7;xmurphy@gmail.com;7;ул. Юрьев Садд.39 кв.128
89299567178;-19;lreynolds@quitzon.net;7;75-й км МКАДд.2 кв.168
89776577045;-11;savanah88@hotmail.com;15;пл. Покровские Воротад.64 кв.277
89667219178;-8;ecorwin@dickens.info;18;Вишнёвая ул.д.42 кв.127
89157158734;-25;lucio.klocko@beahan.biz;1;Авиамоторный пр.д.98 кв.217
89999153178;-3;jared97@gmail.com;23;Сосновая ул.д.6 кв.320
89106138045;-6;princess97@bruen.com;20;Троицкая ул.д.27 кв.308
89177659045;-6;jacobi.dianna@bins.com;20;ул. Панфиловад.79 кв.343
89199208045;-12;ahoeger@yahoo.com;14;6-й Монетчиковский пер.д.9 кв.96
89296359045;12;oran.torp@yahoo.com;12;ул. Генерала Ермоловад.68 кв.242
89777014045;-8;jordi.erdman@gmail.com;18;ул. Юрьев Садд.90 кв.495
89626067045;-2;ysporer@yahoo.com;24;Сенежская ул.д.82 кв.474
89998207978;8;schowalter.landen@schimmel.com;8;Б. Путинковский пер.д.76 кв.213
89857121978;13;torphy.claudie@pacocha.com;13;Буженинова ул.д.68 кв.243
89857394299;11;webster54@yahoo.com;11;Совхозная ул.д.95 кв.215
89256385178;6;eichmann.filomena@yahoo.com;6;Боровицкая пл.д.92 кв.416
89038988178;-14;xzulauf@howe.biz;12;ул. Олений Валд.52 кв.273
89806173178;1;ronny.gulgowski@larkin.com;1;Институтская ул.д.60 кв.334
89178972299;16;rowan71@haley.org;16;1-й Дубровский пр.д.87 кв.147
89648848045;2;marjory.mcglynn@gmail.com;2;Верх. Сыромятническая ул.д.56 кв.377
89636330834;8;ahessel@gusikowski.com;8;2-я Черногрязская ул.д.91 кв.305
89667564499;6;gusikowski.billie@macejkovic.com;6;Школьная ул.д.9 кв.28
89996415499;-5;jazmyne.boyle@goodwin.org;21;Артельная ул.д.72 кв.409
89998448645;8;daugherty.wade@thompson.com;8;ул. Лебедевад.63 кв.19
89107405499;5;ahmed57@conroy.com;5;Прудовой пр.д.87 кв.52
89106995499;8;lisandro.hirthe@gmail.com;8;Б. Лёвшинский пер.д.2 кв.16
89638907299;10;dsimonis@roberts.com;10;Зубовская ул.д.68 кв.425
89179532499;13;will.dino@casper.com;13;Краснопрудный пер.д.79 кв.169
89298835178;11;ken.kuhic@leuschke.com;11;Платановая ул.д.91 кв.200
89837290578;-23;swaniawski.breanne@paucek.biz;3;10-я ул. Новые Садыд.78 кв.337
89367027299;5;lydia78@yahoo.com;5;2-й Тюляевский пер.д.6 кв.305
89018114734;-6;ggleichner@mante.org;20;Электрический пер.д.11 кв.113
89668313645;10;bernhard.pat@kunde.com;10;Южная ул.д.18 кв.197
89778796578;13;ngorczany@mohr.com;13;Пролетарская ул.д.6 кв.375
89156640578;-4;nat.pollich@gmail.com;22;Ср. Овчинниковский пер.д.96 кв.472
89108877578;11;urohan@yahoo.com;11;66-й км МКАДд.27 кв.113
89109779645;1;marks.emelia@goodwin.info;1;ул. Исаковскогод.48 кв.195
89176097299;12;elsa.wintheiser@franecki.org;12;ул. Александра Лукьяновад.86 кв.38
89779491834;-9;tyreek.hartmann@bergnaum.com;17;М. Калитниковский пр.д.20 кв.250
89999891834;-9;arielle.cormier@hotmail.com;17;Добровольческая ул.д.48 кв.461
89106873645;-9;ecorwin@dickens.info;17;Ткацкая ул.д.56 кв.492
89158991578;-10;madyson.wisozk@yahoo.com;16;Болотная пл.д.86 кв.34
89266690299;2;christa.osinski@rolfson.com;2;ул. Кандинскогод.5 кв.221
89696567645;12;cydney67@hotmail.com;12;Парковая ул.д.34 кв.88
89166802834;-4;ortiz.cory@rippin.com;22;Институтская ул.д.18 кв.5
89258383645;-2;hansen.thea@volkman.biz;24;Зоологический пер.д.21 кв.354
89368791834;11;lempi.kovacek@hintz.com;11;Хрустальный пер.д.68 кв.338
89016317645;7;yolanda87@gmail.com;7;Крестовоздвиженский пер.д.61 кв.171
89017073978;0;;7;Крестовоздвиженский пер.д.61 кв.171
